zh,ru,en,category,note
数据结构,Структура данных,Data Structures,课程名,
计算机组成原理,Архитектура компьютера,Computer Organization,课程名,实测该词经两次翻译会崩成"计算机参谋学院"
操作系统,Операционные системы,Operating Systems,课程名,
计算机网络,Компьютерные сети,Computer Networks,课程名,
数据库系统,Системы баз данных,Database Systems,课程名,
离散数学,Дискретная математика,Discrete Mathematics,课程名,
高等数学,Высшая математика,Higher Mathematics,课程名,
线性代数,Линейная алгебра,Linear Algebra,课程名,
概率论与数理统计,Теория вероятностей и математическая статистика,Probability and Statistics,课程名,
大学物理,Общая физика,General Physics,课程名,
程序设计基础,Основы программирования,Programming Fundamentals,课程名,
算法设计与分析,Проектирование и анализ алгоритмов,Algorithm Design and Analysis,课程名,
编译原理,Теория компиляторов,Compiler Principles,课程名,
软件工程,Программная инженерия,Software Engineering,课程名,
人工智能,Искусственный интеллект,Artificial Intelligence,课程名,
机器学习,Машинное обучение,Machine Learning,课程名,
数字逻辑,Цифровая логика,Digital Logic,课程名,
俄语,Русский язык,Russian Language,课程名,
选课,выбор курса,course selection,教务流程,实测被静默丢失成"上课"
退课,отказ от курса,course withdrawal,教务流程,
补考,пересдача,retake examination,教务流程,
重修,повторное изучение курса,course retake,教务流程,
期末考试,семестровый экзамен,final examination,教务流程,
期中考试,промежуточный экзамен,midterm examination,教务流程,
学分,зачётная единица,academic credit,教务流程,
绩点,средний балл,grade point average,教务流程,
必修课,обязательный курс,compulsory course,教务流程,
选修课,курс по выбору,elective course,教务流程,
实验课,лабораторные занятия,laboratory class,教务流程,
教学大纲,учебная программа,syllabus,教务流程,
培养方案,учебный план,curriculum,教务流程,
成绩单,ведомость успеваемости,transcript,教务流程,
成绩,оценка,grade,教务流程,实测被翻成"成就（достижение）"
学籍,учёт студентов,student registration,教务流程,
报到,регистрация,registration,教务流程,
毕业论文,выпускная квалификационная работа,graduation thesis,教务流程,
第二教学楼,Второй учебный корпус,Building No.2,校园设施,实测被翻成"第二中学"
教学楼,учебный корпус,teaching building,校园设施,
阶梯教室,поточная аудитория,lecture hall,校园设施,
教室,аудитория,classroom,校园设施,实测被翻成"班（класс）"
图书馆,библиотека,library,校园设施,
实验室,лаборатория,laboratory,校园设施,
教务处,учебный отдел,academic affairs office,校园设施,
学生处,студенческий отдел,student affairs office,校园设施,
辅导员,куратор,student advisor,校园设施,
班主任,руководитель группы,head teacher,校园设施,
校历,учебный календарь,academic calendar,校园设施,
校园卡,студенческая карта,campus card,校园设施,
宿舍,общежитие,dormitory,校园设施,
食堂,столовая,canteen,校园设施,
